API10,Peak Oil,First Month Oil,Peak Oil Month No.,First Test Flowing Tubing Pressure,Ground Elevation,Measured Depth (TD),True Vertical Depth,Upper Perforation,Lower Perforation,Perforated Interval Length,Completion Count,First Test Oil Volume,First Test Oil Gravity,Abstract,Surface Hole Latitude (WGS84),Surface Hole Longitude (WGS84),Bottom Hole Latitude (WGS84),Bottom Hole Longitude (WGS84)
4201334335,4935,517,3,225,329,14540,9429,10005,14390,4385,2,303,37,859,28.8474057,-98.2226811,28.8614183,-98.2380557
4201334341,13421,13421,1,450,401,15015,10973,10710,14929,4219,2,256,42.5,15,28.7989097,-98.1288026,28.7893238,-98.1196902
4201334342,11023,11023,1,510,399,15540,10543,10832,15354,4522,2,261,41.5,15,28.7990534,-98.1286687,28.8090167,-98.1377733
4201334344,17610,8771,3,255,375,15673,11146,11600,15424,3824,2,361,43,1676,28.7307235,-98.1985924,28.7204036,-98.1891206
4201334361,9445,3796,2,350,400,17015,11185,11219,16921,5702,2,159,47,226,28.7913265,-98.1160911,28.7785271,-98.1027768
4201334364,5516,4372,2,125,427,15345,10584,10729,15252,4523,2,213,41.1,15,28.7933135,-98.1366735,28.8033034,-98.1456564
4201334368,14829,11612,2,902,394,16624,10025,10607,16449,5842,5,1117,42,67,28.8517333,-98.1631381,28.8655731,-98.1757418
4201334372,7015,7015,1,250,415,15760,11142,11213,15612,4399,2,300,41.1,226,28.780927,-98.1315874,28.7690087,-98.1223855
4201334373,5949,5949,1,290,415,16321,11178,11172,16172,5000,2,317,41.1,226,28.7809265,-98.1314269,28.7695853,-98.119099
4201334396,7736,7736,1,200,416,15140,10566,10787,14972,4212,2,337,41.1,1353,28.7868116,-98.1457023,28.796287,-98.155815
4201334398,4882,4882,1,285,417,15116,10526,10868,14999,4212,2,194,41.1,1353,28.7868116,-98.1457023,28.7975781,-98.1538891
4201334409,11407,2890,2,2711,389,14730,10720,11031,14632,3601,2,318,44.6,1184,28.7478429,-98.1777472,28.7564269,-98.186243
4201334412,13056,13056,1,800,387,15599,11111,11105,15457,4352,2,536,45.6,1184,28.7518676,-98.170888,28.7416573,-98.1609367
4201334416,12248,4659,2,3034,388,15823,11162,11081,15722,4641,2,458,46.3,1184,28.7477383,-98.1776459,28.7367495,-98.1673818
4201334418,9483,9483,1,1882,417,15000,10789,11297,14857,3560,2,274,1882,226,28.7814793,-98.1323664,28.7900283,-98.1402949
4201334420,8042,4138,2,692,387,15058,10695,11200,14757,4352,2,431,44,1184,28.7518676,-98.170888,28.7606586,-98.1794569
4201334422,2948,855,4,100,358,12150,7733,7958,12040,4082,2,101,28.05,833,28.9542873,-98.28854,28.9636278,-98.2971528
4201334424,12166,9193,2,864,305,15438,10085,9876,15406,5530,2,987,38,549,28.8601959,-98.20078,28.8480421,-98.1889081
4201334426,17538,8818,4,200,491,15437,8139,8698,15048,6350,2,646,37.3,1218,28.6837606,-98.7841559,28.6977722,-98.8009602
4201334445,7195,5523,3,366,295,15426,9487,9890,15337,5447,3,328,35,176,28.8096433,-98.2587513,28.821716,-98.2699112
4201334455,3199,1936,5,720,436,13130,7789,8297,13024,4727,4,98,32.1,640,28.8226836,-98.56083,28.8379691,-98.560695
4201334486,9416,9416,1,709,336,15885,9445,9601,15787,6186,2,791,40,803,28.8487881,-98.2404743,28.8634503,-98.2539437
4201334490,33266,33266,1,1194,357,16480,10567,10524,16380,5856,2,1708,42,392,28.85145,-98.1720145,28.8375467,-98.1599648
4201334502,13672,10841,3,1470,337,15931,9323,9421,15876,6455,3,757,33.1,1083,28.6538316,-98.6606444,28.6356713,-98.654366
4201334509,7921,2405,3,1412,288,14650,9293,9723,14549,4826,4,270,39,176,28.8246555,-98.2641167,28.8364944,-98.2744975
4201334550,6958,1986,2,395,366,13598,8653,8654,13502,4848,2,502,33,438,28.841281,-98.42764,28.82691,-98.4278127
4201334557,12103,1249,3,1937,336,16059,10956,11090,15902,4812,3,387,42.8,27,28.7251747,-98.2535545,28.7134284,-98.2426072
4201334558,19518,18451,2,1297,334,15918,10016,10070,15730,5660,2,1580,40,339,28.6498267,-98.5276893,28.6325689,-98.5228863
4201334611,19812,553,2,568,294,15662,9496,9286,15566,6280,2,854,38,361,28.9089282,-98.2422234,28.8951994,-98.229022
4201334621,5402,498,3,200,428,14303,7322,7829,14080,6251,2,202,37,245,28.7818939,-98.7232594,28.8000834,-98.7284894
4201334636,9788,9530,4,470,475,13645,8130,8340,13525,5185,2,492,30.3,17,28.6910186,-98.7854255,28.7022928,-98.7972064
4201334641,6328,5850,2,766,352,17568,9867,10060,17383,7323,3,198,38.1,70,28.834659,-98.2191921,28.8497489,-98.2367298
4201334648,11082,11082,1,413,337,14930,9505,9809,13819,4010,2,589,39,652,28.8821626,-98.2034752,28.8946984,-98.2130556
4201334649,11255,11255,1,424,338,15200,9469,10187,15109,4922,2,599,39,652,28.8821015,-98.2035586,28.8938224,-98.2159408
4201334653,24316,983,2,1212,286,16654,9900,9936,16566,6630,2,1622,37.5,1200,28.7030503,-98.436615,28.7029222,-98.4144297
4201334663,9937,9937,1,400,305,15089,9614,9455,14997,5542,2,503,36,351,28.8731602,-98.2205061,28.8607903,-98.2088817
4201334690,10011,2721,2,523,296,14610,9221,9512,14521,5009,2,610,34,774,28.8637412,-98.2265729,28.8750279,-98.2377536
4201334697,13742,3965,2,649,296,15390,9681,9833,15297,5464,2,877,36,774,28.8636856,-98.226484,28.8503272,-98.2152419
4201334699,7296,228,2,160,428,14029,7300,7907,13821,5914,2,216,36.3,245,28.776172,-98.7366486,28.7934559,-98.7415755
4201334703,12017,12017,1,1002,331,14800,9168,9202,14711,5509,2,1245,37.2,509,28.8591216,-98.3070251,28.8462627,-98.2952316
4201334758,35304,1520,2,1492,364,16450,9312,9875,16365,6490,2,2752,35.8,809,28.6902006,-98.5392709,28.7101915,-98.5390199
4201334773,24682,419,2,1262,366,16330,9482,9753,16243,6490,2,2805,39,809,28.6925782,-98.5381765,28.6735915,-98.5399982
4201334779,21253,248,2,1168,384,16523,9388,9772,16434,6662,2,2532,36,961,28.6913672,-98.5220871,28.7114516,-98.5214986
4201334787,13138,13138,1,927,278,14780,9310,9371,14696,5325,2,931,37,155,28.8419808,-98.2967053,28.8305657,-98.284141
4201334812,13406,10717,4,300,435,13285,7749,8755,13114,4359,2,563,29.67,492,28.9059773,-98.5009889,28.9219139,-98.5002574
4212332373,22760,22760,1,5115,196,17880,12850,13093,17684,4591,3,960,50.5,20,29.2431723,-97.3482118,29.2582441,-97.3510311
4212332470,25319,1735,6,4991,481,17914,12650,13172,17690,4518,3,1401.6,43.3,268,29.0609145,-97.6374687,29.0689222,-97.6520487
4212332489,17995,1297,4,5071,472,18620,12719,13068,18297,5229,3,679.2,50.4,276,29.0890225,-97.5899534,29.0956954,-97.60621
4212332508,29270,1280,6,6963,488,18976,13245,13410,18760,5350,3,1279.2,50.2,303,29.016819,-97.6856034,29.0081341,-97.6709829
4212332557,33499,1982,3,5940,458,18600,12934,13173,18334,5161,2,1332,49.2,567,29.0360427,-97.6851297,29.0286777,-97.67011
4212332562,21762,888,8,6130,336,18800,12030,13160,18581,5421,4,503,48.6,401,29.1559128,-97.5174109,29.1667266,-97.5347093
4212332584,32456,376,4,6430,503,18385,12936,13137,18169,5032,2,761,49.8,65,29.0449252,-97.6745003,29.0360504,-97.6598239
4212332592,24078,10968,6,6724,348,17840,12773,12923,17551,4628,3,607,52.9,401,29.1609183,-97.5188335,29.1490982,-97.5090966
4212332613,28007,1675,5,6675,411,19000,13092,13498,18784,5286,3,1332,50.5,639,29.0553398,-97.590531,29.0639068,-97.6084638
4212332626,26048,815,3,6280,414,16578,12541,12700,16365,3665,3,907,48.6,386,29.1691763,-97.507653,29.1755473,-97.5166052
4212332632,21856,1088,18,6890,368,17195,12712,12725,16996,4271,3,816,49.5,401,29.1630264,-97.5138814,29.1557625,-97.5021044
4212332645,29680,1488,4,7350,407,18191,12462,12929,17973,5044,2,490,48.2,386,29.1737784,-97.4985447,29.181845,-97.5118993
4212332650,23568,1028,5,6890,372,17455,12902,13418,17235,3817,3,792,56,683,29.092692,-97.5718586,29.0896259,-97.5599797
4212332664,18461,2238,3,5330,307,18545,12119,12573,18338,5765,4,549.7,47,382,29.1872653,-97.4813908,29.1991703,-97.4969605
4212332682,28184,1851,4,4823,412,17290,12761,12907,17061,4154,3,1242,49.7,220,29.0336645,-97.6959362,29.0263013,-97.6831563
4212332689,18577,11109,4,5817,459,18960,13265,13712,18796,5084,2,533,54.9,707,29.0579961,-97.5707977,29.064732,-97.5865788
4212332702,23966,8935,2,6614,386,18642,13075,13351,18460,5109,3,889,54.3,267,29.0469354,-97.6069018,29.0535606,-97.6214916
4212332716,20525,390,3,4582,481,18963,12474,12864,18755,5891,3,703.2,49,532,29.0730224,-97.637413,29.0817002,-97.6553914
4212332741,23579,11018,3,6200,452,17792,12675,13161,17585,4424,4,664,48,717,29.0874447,-97.5948286,29.0920553,-97.6085725
4212332752,28088,3212,2,5980,481,18028,12782,12973,17820,4847,3,900,49.2,532,29.0732279,-97.6369297,29.0663711,-97.6230661
4212332795,11579,2102,2,5128,212,16164,12135,12370,15946,4345,4,405,48,60,29.2205249,-97.4630465,29.2166767,-97.4494333
4212332797,13507,2713,2,5299,212,16630,12069,12068,16413,4345,4,457,48,60,29.2205249,-97.4630465,29.2152229,-97.4509391
4212332824,19087,2128,2,5540,310,17405,12499,12804,17338,4534,4,777.3,52.6,36,29.2855166,-97.3088279,29.2995581,-97.3092147
4212332831,15405,6696,3,5550,219,18267,12576,12882,18063,5181,4,394,51,36,29.2779499,-97.3193473,29.2917667,-97.3298682
4212332855,11843,4612,2,5309,220,18814,12584,12950,18610,5660,4,263,53,36,29.2776506,-97.3193604,29.2901375,-97.3318756
4212332874,13218,4683,3,5333,342,19515,12639,13081,19200,6119,4,260,49,10,29.300193,-97.2973973,29.3137944,-97.3112159
4212332888,11337,3996,3,5312,342,18678,12644,12905,18447,5542,4,245,52,10,29.3001523,-97.2974014,29.3120855,-97.312121
4212333120,22613,22613,1,6215,195,19635,12468,12840,19525,6685,5,1128,51,20,29.24312,-97.3473601,29.2611422,-97.353843
4212733728,3065,156,4,264,550,13481,6845,7185,13374,6189,3,143,264,188,28.5598634,-99.6085665,28.5728564,-99.6233485
4214933224,7791,6620,2,2500,392,16680,10447,11140,16562,5422,3,489,40.8,27,29.756806,-97.0378969,29.7741896,-97.0381432
4217732467,17154,826,2,1400,256,15097,10070,9949,14977,5028,2,891,38.6,71,29.4608087,-97.3336957,29.4518034,-97.3196927
4217732551,18749,18749,1,1023,383,16029,11321,11301,15934,4633,2,1055,41,270,29.1696829,-97.6332177,29.1560786,-97.6245185
4217732649,7757,1526,2,185,315,12319,7279,7238,12139,4901,3,395,24,230,29.4134611,-97.5522389,29.4015145,-97.5410988
4217732698,9636,8396,2,1680,252,17310,9986,9971,17185,7214,3,442,37.26,40,29.4885911,-97.3224762,29.4722684,-97.3059505
4217732704,15047,1282,3,600,304,16183,8252,10092,16109,6017,3,587,32,71,29.4468897,-97.3490237,29.4589612,-97.3650971
4217732710,36515,9707,2,1275,257,16204,10100,9930,16109,6179,2,2299,40,356,29.2762499,-97.5232778,29.2625499,-97.5099615
4217732717,23267,15356,2,1306,255,15371,10110,9950,15282,5332,2,2033,35,223,29.2390821,-97.5628453,29.2267861,-97.5515684
4217732734,39408,5336,2,1411,254,15919,10060,9907,15769,5862,2,2581,41,418,29.2787492,-97.5225785,29.2653879,-97.5096915
4217732745,11858,112,6,360,311,14456,9292,9900,14382,4482,3,136,40,71,29.4581782,-97.3487404,29.4666943,-97.3603776
4217732749,19882,12370,2,836,258,15376,9876,9755,15092,5337,2,1497,38,223,29.2376111,-97.5766111,29.2217272,-97.5799636
4217732777,33991,33991,1,999,338,15348,9821,9801,15255,5454,2,1965,41,358,29.1903758,-97.6536673,29.1821843,-97.6370984
4217732809,24309,24309,1,1330,312,15645,11962,12234,15547,3313,2,1228,48,374,29.2038777,-97.5207112,29.1973888,-97.5101838
4217732816,10509,10509,1,210,316,13381,6479,7260,13212,5952,2,527,22,110,29.377674,-97.6096921,29.390395,-97.624766
4217732818,9750,1548,2,5423,299,18981,12484,12389,18763,6374,4,375,53,29,29.3613311,-97.2720169,29.3507616,-97.2577917
4217732860,15830,10492,2,774,257,15165,9650,9330,15076,5746,2,735,38,137,29.2517861,-97.5762695,29.2380808,-97.5654392
4217732873,10749,10749,1,430,310,13560,6387,7258,13432,6174,2,666,24,229,29.3140082,-97.6692429,29.3286122,-97.6833806
4217732884,25165,3582,2,2525,254,18371,10363,10292,18241,7949,4,931,41,356,29.2742388,-97.508764,29.2512469,-97.5042388
4217732898,7304,632,3,370,257,16334,9074,9570,16018,6448,2,295,34.3,12,29.5120715,-97.302656,29.5251036,-97.3182641
4217732936,23735,3732,2,1230,250,16637,11485,12331,16547,4216,2,915,43.2,180,29.3385774,-97.3631537,29.3276788,-97.3515223
4217732952,27186,8528,2,1750,315,15958,11132,11040,15872,4832,2,1755,42,228,29.3347767,-97.4161047,29.3245614,-97.404099
4217732953,35478,9185,2,1264,314,15947,11122,11040,15855,4815,3,2396,42,228,29.3347156,-97.4161908,29.324035,-97.4047205
4217732955,13765,4818,2,520,310,13768,7199,7198,13651,6453,2,704,26,230,29.3951368,-97.5824737,29.3789361,-97.5702211
4217732967,22896,10936,2,1242,236,13847,9438,10085,13733,3648,2,1684,38,277,29.2648384,-97.5284676,29.2736351,-97.5381148
4217732968,13164,5086,2,525,310,13746,7226,7053,13631,6578,2,680,25,230,29.3952334,-97.5823601,29.380694,-97.5678457
4217732983,10979,772,2,410,345,12200,7005,7328,12078,4750,2,661,24,229,29.3298158,-97.6642293,29.3179291,-97.6529187
4217732996,33483,33483,1,1421,249,14965,11038,10776,14872,4096,2,2626,42.2,178,29.3157853,-97.4513438,29.3072267,-97.4387741
4217732997,4209,1821,3,485,340,12784,7030,7250,12025,4775,2,198,26,416,29.4364706,-97.5505124,29.423413,-97.5367216
4217733005,8262,4890,2,620,348,12276,6079,7098,12148,5050,2,571,23,399,29.3644839,-97.6490127,29.376983,-97.6617984
4217733044,7601,7601,1,322,264,13936,9227,9500,13852,4352,2,575,35.3,464,29.233078,-97.6256224,29.2260248,-97.6116946
4217733053,5696,5696,1,369,252,13621,9054,10051,13535,3484,2,359,33,172,29.2814954,-97.5697612,29.2686114,-97.5726906
4217733103,20449,9676,2,1489,256,15220,10777,10416,14940,4524,2,1012,42.1,277,29.2447072,-97.5225985,29.2312787,-97.5175844
4217733119,44859,28317,2,1850,322,16327,10811,10675,16234,5559,2,2807,41,36,29.399233,-97.3702321,29.3840518,-97.3618859
4217733123,48938,27273,2,2319,272,15945,10996,10960,15860,4900,2,3383,41,36,29.4085857,-97.3371427,29.3951857,-97.3295731
4217733164,22010,5916,2,3569,275,18075,12042,11942,17933,5991,3,759,49.69,470,29.2190079,-97.5029998,29.2075455,-97.4909754
4217733178,22202,6985,2,3548,274,18064,12090,11915,17922,6007,5,870,49.69,470,29.2190634,-97.5029304,29.2080014,-97.4893814
4217733181,10394,1424,2,433,263,13331,9308,9171,13241,4070,2,746,35.4,464,29.2350241,-97.612655,29.2297031,-97.6008093
4217733183,15103,4012,2,380,309,13000,7540,7729,12879,5150,2,801,28,425,29.276923,-97.6784542,29.2669256,-97.6634005
4217733230,44738,6463,2,2634,435,16187,12021,12387,16091,3704,2,3204,44.3,233,29.1264599,-97.600095,29.1374819,-97.5992657
4225531766,17577,1399,4,4773,342,17640,12927,13202,17432,4230,2,1178,52.5,214,28.8692423,-97.8487998,28.8600899,-97.839867
4225531783,24627,1751,3,6375,244,17568,12771,12999,17349,4350,3,107,52,7,28.9287677,-97.810766,28.9196173,-97.7994369
4225531809,22093,16573,3,2147,365,17850,12902,13396,17648,4252,3,1075,53,214,28.8814711,-97.8474331,28.871352,-97.8359206
4225531838,14607,4739,2,3950,289,15909,11321,11408,15766,4358,3,496,44,7,29.0145584,-97.8413346,29.0032066,-97.8304692
4225531885,22399,1552,2,4352,394,17480,12659,12838,17280,4442,3,46,52.2,379,28.8664361,-97.8807306,28.8758183,-97.8907827
4225531900,23252,1595,7,5000,372,17852,12749,12653,17683,5030,3,1180,51.8,260,28.879003,-97.8833114,28.8695943,-97.8717183
4225531904,9439,5527,2,100,336,15767,10943,11370,15688,4318,5,191,44,10,28.9428269,-98.0492095,28.9301586,-98.0390714
4225531908,19260,5285,2,4528,420,17670,12333,12838,17462,4624,3,1222,49.9,260,28.8884376,-97.8734642,28.897087,-97.8844896
4225531921,24822,2159,8,5019,378,18347,12892,13153,18179,5026,3,1176,49.6,136,28.9902125,-97.7514202,28.9780985,-97.7390008
4225531927,6969,6255,2,518,397,15580,10465,10213,15449,5236,2,115,45,1,28.8834388,-98.1547618,28.8706372,-98.1441468
4225531936,22122,20866,4,6560,299,18233,12846,12863,18028,5165,3,1262.4,49.2,136,28.9679505,-97.7804387,28.9576473,-97.7680816
4225531938,23677,10108,6,6594,371,18330,12801,12750,18117,5367,3,1322.4,51.2,260,28.8978713,-97.8555904,28.8869293,-97.843614
4225531967,19254,436,5,3628,320,17543,11597,11972,17317,5345,3,642.7,44.2,227,29.0180114,-97.7781305,29.0340183,-97.7855305
4225531968,10239,5279,2,300,415,16397,10676,11165,16247,5082,2,203,42,18,28.8106434,-98.1077509,28.8228278,-98.1191715
4225532029,21731,2047,5,3150,338,17688,11164,11550,17475,5925,3,557.7,43.2,227,29.031197,-97.7954614,29.0489232,-97.7935281
4225532030,16732,2532,6,2866,338,17847,11131,11572,17635,6063,3,538.5,43.7,227,29.0311942,-97.7955336,29.0489951,-97.7976067
4225532042,30032,14465,2,3524,297,17829,11612,11884,17593,5709,3,1399,45,9,28.9163407,-97.9247462,28.9319755,-97.9309216
4225532060,8920,8920,1,1000,431,16563,11666,11900,16074,4994,2,298,46.2,57,28.8500892,-98.0145944,28.8362337,-98.0075384
4225532099,16217,425,3,4250,318,17446,12003,12069,17239,5170,3,572,50,9,28.9182646,-97.9177954,28.9039236,-97.9087344
4225532147,16825,899,6,5840,351,17748,12818,13019,17537,4518,3,610,54.9,271,28.8602896,-97.8665059,28.8673216,-97.87761
4225532159,5681,5681,1,692,375,14391,9360,9285,14250,4965,4,457,35.4,4,29.0273879,-97.985707,29.0150166,-97.9755139
4225532201,13173,6028,2,680,369,14800,10160,9955,14708,4753,2,602,41,137,29.133838,-97.7580155,29.1226343,-97.74735
4225532229,12817,5764,2,466,414,13931,9916,9849,13845,3996,2,810,40,180,29.0787949,-97.8881326,29.0677691,-97.881339
4225532293,15232,9460,2,855,374,15994,10950,11153,15825,4672,2,753,43,192,29.0755484,-97.7649966,29.0859542,-97.7765901
4225532321,9619,9619,1,958,347,15238,10936,10936,15100,4164,4,360,42.7,10,28.9297694,-98.0101545,28.93985,-98.0204626
4225532342,23086,839,7,6700,268,17977,12650,12525,17821,5296,3,880.8,49.4,108,28.9271841,-97.8437985,28.9163089,-97.8330105
4225532413,21233,1069,4,5741,419,18282,12805,13050,18063,5013,4,709,55,144,28.8881827,-97.8749352,28.8775087,-97.8605546
4225532452,15092,856,5,3466,447,17967,11380,11606,17747,6141,3,652,46.1,69,28.7930358,-98.0625053,28.808371,-98.0689927
4225532510,18725,9630,2,4496,377,17684,12048,11997,17479,5482,3,739,43.6,138,29.0466301,-97.7388879,29.0388978,-97.7240095
4225532530,9540,7013,2,3324,454,17365,11343,11745,16991,5246,3,302,46,69,28.7922026,-98.0661164,28.8047046,-98.0749369
4225532565,7842,3239,2,2905,407,16822,11279,11594,16614,5020,3,450,45,168,28.7848114,-98.0744332,28.7972369,-98.0835335
4225532581,9086,9086,1,3139,376,16859,11152,11438,16619,5181,2,207,51,131,28.7872871,-98.0942697,28.798088,-98.1038086
4225532608,8882,1753,2,3172,407,16720,11256,11684,16512,4828,3,540,45,168,28.7847482,-98.0744333,28.7962446,-98.0876654
4225532653,15705,15705,1,1100,355,17896,8393,9480,17821,8341,2,562,34.5,4,29.0376793,-97.968765,29.0545214,-97.988524
4225532896,9841,2247,2,605,426,14911,10393,10900,14822,3922,2,648,40,212,28.8979493,-98.1205739,28.8871135,-98.1297538
4225533044,17565,12154,2,4728,397,16590,12368,12413,16416,4003,3,1240,49,9,28.8851319,-97.9196261,28.8756494,-97.9098465
4225533067,22827,12884,2,963,378,17112,10810,10900,17023,6123,2,1122,43,289,28.8687222,-98.1409695,28.8501159,-98.1431376
4225533069,12897,6757,2,3004,432,18348,11235,11624,18182,6558,2,792,44,57,28.852478,-98.0115487,28.8663413,-98.0244358
4225533080,21610,2731,2,864,402,16949,9869,9950,16854,6904,2,983,41.2,1,28.9305555,-98.1228917,28.9165058,-98.110029
4225533089,21328,7037,2,4872,447,17740,11871,12354,17552,5198,2,1106,51,228,28.783103,-97.9975677,28.7988537,-98.00437
4225533102,20473,5827,2,1116,294,16913,10739,10956,16816,5860,2,1068,40,4,29.0132637,-97.9266419,28.9954875,-97.9284753
4225533123,12492,4889,2,3318,468,15393,11461,11899,15199,3300,5,586,47,123,28.8293411,-98.0362523,28.818885,-98.0279424
4225533146,30043,11257,2,1630,413,17162,11439,12621,16903,4282,2,1878,41.8,280,29.1279816,-97.6615229,29.1131737,-97.6521364
4225533148,36317,15610,2,2319,413,17210,11527,11679,17125,5446,2,2020,42.2,280,29.1278918,-97.6614837,29.1128624,-97.6530898
4225533190,37142,31164,2,2180,536,16840,11789,12302,16733,4431,2,2660,46,359,29.1169765,-97.6218984,29.1271813,-97.6325125
4225533231,16227,16227,1,1001,402,14885,8874,8991,14788,5797,2,1306,37.5,456,29.1187005,-97.8635926,29.1031069,-97.8534419
4225533232,32238,1518,2,5000,373,17985,12216,12650,17825,5175,2,1536,45,88,28.8318578,-97.9356384,28.8446905,-97.9427778
4225533237,12223,9814,2,787,463,14751,11015,10990,14638,3648,2,789,44,289,28.8786972,-98.1172832,28.8692888,-98.1110119
4225533248,7893,5228,2,639,359,13853,9766,10061,13764,3703,2,562,41,248,29.0890058,-97.8531207,29.0879212,-97.8383534
4225533277,16063,12851,2,738,395,15072,11124,11142,14873,3731,2,808,35,192,29.107614,-97.7456542,29.0978383,-97.7387137
4225533312,19242,4720,2,780,359,15451,10455,10570,15357,4787,2,1239,41,1,28.9329706,-98.0823586,28.9190816,-98.0841423
4225533359,24041,3330,2,935,361,14635,9505,10098,14330,4232,2,1198,37,180,29.0563288,-97.9294252,29.0420668,-97.9343374
4228332603,10875,10875,1,2455,401,15185,10165,10452,15075,4623,2,482,51.8,281,28.3490635,-99.0102039,28.3622555,-99.0131993
4228332752,16388,2439,2,1625,505,15313,7554,7888,15209,7321,3,1414,38.8,345,28.5057284,-99.3257585,28.5239491,-99.3371134
4228332755,11420,11420,1,2000,496,13811,7467,7764,13700,5936,2,727,38.7,335,28.5395654,-99.349873,28.5549301,-99.3586242
4228332756,17666,2993,3,1550,491,15260,7566,7903,15161,7258,2,1064,43,345,28.509159,-99.3191169,28.5273804,-99.3304709
4228332803,10030,5484,5,1850,490,13842,7595,7976,13671,5695,2,350,41,349,28.4945142,-99.3395569,28.5083446,-99.3499494
4228332881,18701,2057,2,1860,513,15477,8989,9531,15360,5829,2,796,46.2,1560,28.4660079,-99.1352922,28.4749683,-99.1531743
4228332933,12492,4817,2,812,368,15435,9383,9695,15330,5635,2,737,41.2,287,28.4374806,-99.0095362,28.4508796,-99.0220304
4228332977,13797,429,2,2448,406,17760,10247,10404,17660,7256,2,743,53.3,1520,28.3410946,-99.0933912,28.3207133,-99.0956007
4228332981,9897,8315,2,2473,381,18561,10130,10499,18450,7951,2,817,56,832,28.3408991,-99.0857251,28.3177763,-99.0830775
4228333008,16763,10345,2,696,392,15820,9061,9225,15748,6523,2,694,37.8,148,28.5591842,-98.9115215,28.5396274,-98.9128868
4228333032,15082,15082,1,2033,525,14049,8988,9273,13865,4592,3,423,45,546,28.4788382,-99.1331263,28.4835653,-99.1469334
4228333034,15634,12052,2,2183,538,13896,8960,9153,13792,4639,3,734,43.6,545,28.4832891,-99.1302763,28.4910465,-99.1425938
4228333037,11442,11442,1,1900,496,16625,8278,8846,16524,7678,3,768,39.4,609,28.5685741,-99.1198999,28.5796481,-99.1427201
4228333040,9241,5906,3,1308,495,14413,8483,8804,14303,5499,3,497,39.4,609,28.5685763,-99.1198234,28.5609058,-99.1062979
4228333041,8519,4780,3,1474,494,15336,8522,8809,15236,6427,3,417,39,609,28.5686079,-99.1197671,28.5615124,-99.1027982
4228333075,19813,15208,3,1699,431,15385,7697,7984,15275,7291,3,920,43.2,354,28.489365,-99.2939784,28.5066767,-99.3053484
4228333100,11364,10122,3,1534,487,15138,7446,7739,15037,7298,2,781,39.3,329,28.5437213,-99.3614332,28.5270345,-99.3483904
4228333101,9568,7031,10,1750,477,15058,7482,7681,14956,7275,2,508,40,329,28.5398972,-99.369242,28.5222105,-99.3576994
4228333112,9897,6334,2,1285,513,12456,7444,7760,12353,4593,3,719,39,330,28.5477104,-99.3428558,28.5584427,-99.351319
4228333137,16215,9173,3,1846,499,16534,8629,8824,16355,7531,3,730,43,1244,28.5363266,-99.1608285,28.5256063,-99.1406674
4228333154,19376,5344,2,770,426,16503,7794,8355,15952,7597,3,325,46,613,28.4689893,-99.2902651,28.4893236,-99.2878646
4228333167,17984,9537,2,1949,444,15526,7752,8040,15423,7383,3,748,42,970,28.4703042,-99.2956061,28.4890929,-99.306847
4228333171,17552,485,4,1660,499,16423,8339,8734,16243,7509,3,734,43.2,1244,28.5362787,-99.1608592,28.5471896,-99.1822034
4228333173,11093,9432,2,2237,386,15436,10165,10628,15335,4707,2,410,50,282,28.3759115,-99.0321802,28.3627919,-99.0254088
4228333174,13019,7236,2,1776,444,14014,7788,8162,13857,5695,2,619,42,970,28.4703035,-99.2955182,28.4787494,-99.3111419
4228333176,13929,4180,3,1418,452,13290,8180,8403,13113,4710,3,555,39.6,1246,28.5672264,-99.1526946,28.5734309,-99.1655611
4228333178,15550,281,5,1559,482,15292,8341,8530,15109,6579,3,559,38.3,1024,28.5645614,-99.1785237,28.5526801,-99.1612115
4228333184,16297,6287,2,1688,482,15516,8216,8430,15336,6906,3,751,40.5,1024,28.5646563,-99.1784622,28.5748427,-99.1975974
4228333185,10386,2976,5,1578,452,13344,8165,8532,13165,4633,3,587,39.7,1246,28.5672766,-99.1526621,28.5758633,-99.1640009
4228333187,15847,9942,3,1345,529,14875,8330,8728,14711,5983,3,1050,43,1130,28.5415502,-99.1875043,28.5503466,-99.2046457
4228333188,15591,5502,4,1820,482,15482,8233,8515,15299,6784,3,864,40,1024,28.5645429,-99.1783599,28.5717913,-99.1981181
4228333189,17156,9961,4,1846,528,15186,8305,8621,14981,6360,3,882,41,1130,28.544117,-99.1858708,28.5532855,-99.2039432
4228333195,15089,5435,5,1890,537,15653,8306,8365,15530,7165,4,806,39.2,896,28.5437752,-99.2521331,28.5321749,-99.2318573
4228333217,9561,1011,2,770,409,14138,9261,9470,14014,4544,3,410,41.9,990,28.4647838,-99.0369174,28.4515992,-99.0341435
4228333219,8835,2509,2,2400,382,15197,10195,10333,15099,4766,3,563,51.1,1069,28.3636697,-99.0693575,28.3481594,-99.0666194
4228333224,8000,3766,2,2100,403,15279,10092,10462,15082,4620,2,475,51,1061,28.3632814,-99.0040715,28.3767407,-99.0042299
4228333231,10425,10425,1,2550,376,17768,10074,10409,17660,7251,2,447,51.6,299,28.3487583,-99.045029,28.3693253,-99.0464018
4228333235,15252,2570,2,818,407,13427,8930,9130,13315,4185,2,768,40,1325,28.5832863,-98.8784906,28.5696611,-98.8778184
4228333237,12960,1057,2,1835,382,15175,9899,10314,15045,4731,3,531,45.1,1069,28.3636772,-99.0693047,28.3766832,-99.0664859
4228333239,8996,3000,4,10,508,14309,7723,7956,14128,6172,3,751,34,797,28.6198641,-99.2287606,28.6261184,-99.2473171
4228333257,15859,10114,2,1000,486,16515,8163,8260,16387,8127,4,957,35.6,628,28.6020615,-99.159153,28.5960066,-99.1338225
4228333258,13743,8822,4,950,486,16909,8143,8350,16626,8276,4,1091,35.7,628,28.6021,-99.159135,28.5985016,-99.1322561
4228333262,1276,712,10,1000,438,14859,9184,9620,14453,4833,3,408,42,405,28.4065039,-99.1368918,28.4198704,-99.1367008
4228333263,1697,1189,10,1425,439,15351,9440,9578,15153,5575,3,724,43,405,28.4064437,-99.1368839,28.3912813,-99.1370248
4228333266,17764,11229,2,1250,449,17615,9663,9755,17491,7736,3,653,46.6,305,28.4053655,-99.0539847,28.4285296,-99.0510696
4228333279,9297,925,4,900,524,14341,7635,8041,14163,6122,3,478,35.5,797,28.625192,-99.2254581,28.6323056,-99.2435562
4228333281,10795,3376,2,1182,502,13984,7659,8040,13799,5759,3,659,37.5,797,28.612823,-99.2337573,28.6185098,-99.2511799
4228333290,13319,13319,1,1615,491,16090,8600,8767,15932,7165,2,840,43,1244,28.5403613,-99.1579214,28.5289919,-99.138071
4228333291,12402,4201,4,1650,483,16963,9404,10063,16582,6519,3,960,50,682,28.3475201,-99.1351461,28.3598897,-99.1524238
4228333293,14748,13802,2,1742,560,15983,8192,8614,15815,7201,3,1090,40,551,28.5483172,-99.2123319,28.560265,-99.2312128
4228333295,14435,13776,2,1845,560,15969,8215,8575,15789,7214,3,932,41,551,28.5482636,-99.2123657,28.5567141,-99.2335443
4228333302,12140,2301,2,2810,385,17819,10165,10293,17674,7381,2,482,52,1070,28.3757325,-99.0362863,28.3551966,-99.0369444
4228333303,14303,7689,3,1787,520,13533,8447,8676,13355,4679,3,598,42,537,28.5247579,-99.1812949,28.529987,-99.1955051
4228333304,10586,3646,4,1231,508,13314,8367,8562,12990,4428,3,967,43,1242,28.5350993,-99.1727176,28.5408583,-99.1853473
4228333319,12656,12656,1,2100,365,16736,9384,10122,16550,6428,3,552,53.5,682,28.3402954,-99.1431685,28.354649,-99.1592489
4228333329,15029,9924,6,1672,551,13807,8559,8819,13705,4886,3,977,44,1018,28.517317,-99.1679322,28.5216872,-99.1823527
4228333332,11924,10656,5,1348,539,13903,8505,8879,13802,4923,3,713,43,1018,28.5250692,-99.1605129,28.5315736,-99.1736941
4228333335,13741,3000,5,1948,539,14007,8738,8860,13905,5045,3,980,43,1018,28.5250215,-99.1605438,28.5170015,-99.1457856
4228333336,12498,5310,2,650,383,13505,8475,8988,13383,4395,4,428,37.8,186,28.5823485,-98.9511109,28.5932022,-98.9535006
4228333337,13644,10863,3,1297,502,13532,7480,7810,13440,5630,3,670,36.7,340,28.5323331,-99.3295178,28.5457253,-99.343274
4228333341,11519,3678,2,660,384,13212,8501,9094,13090,3996,3,422,39.2,186,28.5823815,-98.9511389,28.5931938,-98.949197
4228333342,13640,6039,5,1240,384,14530,8766,8910,14406,5496,4,541,37.9,186,28.5824145,-98.9511669,28.5702035,-98.9424077
4228333343,5053,1918,5,456,525,14393,7639,7696,14214,6518,2,270,37,797,28.6365425,-99.2659467,28.6263563,-99.2483872
4228333355,11887,3964,4,1310,444,14969,8501,8843,14859,6016,3,532,38.5,610,28.5517435,-99.0860332,28.5582743,-99.1041837
4228333384,14544,14489,4,2117,565,14094,8473,8563,13916,5353,3,543,41,553,28.5235391,-99.2353686,28.5154268,-99.2207001
4228333396,10844,755,2,1212,460,13474,8386,8616,13294,4678,3,560,39.8,1251,28.5536065,-99.1231916,28.5592785,-99.1369043
4228333397,9342,5333,4,1319,460,13481,8374,8632,13285,4653,3,640,42,1251,28.553678,-99.1231451,28.5615913,-99.1353015
4228333413,13654,13098,2,2380,556,14080,8930,9311,13898,4587,3,745,46,1098,28.4766911,-99.1530097,28.4810949,-99.1680631
4228333426,10395,10395,1,2100,439,17748,9264,9822,17562,7740,3,840,50.3,901,28.3344313,-99.1899223,28.3518714,-99.2066882
4228333427,12334,4638,3,1850,409,15971,9715,9865,15784,5919,4,648,49,901,28.3383617,-99.1856056,28.324422,-99.1728484
4228333434,16592,3681,8,1521,470,16385,8098,8549,16177,7628,3,506,42.1,629,28.5687448,-99.1709724,28.5775034,-99.1933523
4228333435,17274,3799,4,1550,470,15021,8099,8448,14842,6394,3,636,43,629,28.5687898,-99.1709425,28.57914,-99.1877706
4228333454,18950,433,6,10,534,16441,8359,8648,16252,7604,3,938,44,1130,28.5365828,-99.1919627,28.5485108,-99.210895
4228333457,11407,11407,1,2161,424,15258,9963,10222,15151,4929,3,860,48.1,1147,28.3921792,-99.0774604,28.3769398,-99.0809014
4228333459,7289,3959,6,2352,446,15322,10073,10124,15143,5019,2,559,48,1147,28.3922903,-99.0693662,28.3770377,-99.0667313
4228333462,16244,6619,2,901,498,14854,8121,8590,14728,6138,4,544,40.2,1743,28.4904608,-99.2327545,28.4981653,-99.2520033
4228333464,14628,4267,3,2210,563,14090,8922,9229,13907,4678,3,254,46,1098,28.4838118,-99.1484356,28.4882907,-99.1630387
4228333492,10417,10417,1,2250,366,17071,9432,10131,16873,6742,3,600,53.2,682,28.3402565,-99.1432101,28.3519928,-99.1620314
4228333497,16769,1409,6,1916,534,16384,8350,8613,16158,7545,3,790,42,1130,28.5367101,-99.1917849,28.54635,-99.21231
4228333520,11224,10346,2,1636,453,13704,8731,8880,13518,4638,3,615,43,1640,28.5337957,-99.0997687,28.5394642,-99.1118808
4228333523,12438,10757,2,1229,439,13746,8514,8976,13576,4600,3,679,44,1640,28.5400919,-99.0959138,28.5484005,-99.106198
4228333529,12383,5149,3,1270,470,13760,8638,8915,13654,4739,3,586,42,542,28.5263113,-99.1025704,28.5328303,-99.1158926
4228333578,6357,3993,4,2900,396,15309,10174,10234,15125,4891,3,369,49.6,1069,28.3628757,-99.0788311,28.3477863,-99.0791671
4228333595,12318,1456,4,1400,485,13391,8297,8497,13284,4787,3,619,42,625,28.5541342,-99.1418837,28.5611075,-99.154735
4228333597,11962,1243,2,1320,482,13397,8624,8666,13233,4567,3,563,42,625,28.5611156,-99.1373862,28.5657636,-99.1515773
4228333599,11476,1131,2,1425,481,13375,8239,8559,13195,4636,3,453,40.6,625,28.5612663,-99.1372031,28.5682213,-99.1499433
4228333621,7703,7703,1,2100,396,15092,9918,10163,14904,4741,3,589,44.5,1069,28.3627657,-99.0788921,28.3763398,-99.0805754
4228333632,10123,10123,1,1420,566,13083,8105,8190,12896,4706,3,528,41,434,28.5667934,-99.2696741,28.5557573,-99.2617439
4228333633,14807,2167,2,1893,576,13617,8369,8620,13368,4748,3,661,43,553,28.5282899,-99.2174764,28.5328907,-99.2299154
4228333660,10265,8094,3,1700,442,14278,7920,7936,14075,6139,2,497,1700,1180,28.4839396,-99.2852591,28.4660268,-99.2853266
4228333703,15707,1279,2,1730,510,13880,8847,9047,13699,4652,3,575,45,959,28.5057479,-99.1341536,28.5110413,-99.1485937
4228333707,14754,2362,2,1829,593,14140,8279,8720,13966,5246,3,594,43,1052,28.5383206,-99.2283066,28.5432128,-99.2421554
4228333712,10503,7273,2,1450,573,13007,7877,8198,12826,4628,2,559,38.8,439,28.5681462,-99.2706421,28.5785579,-99.2802057
4228333726,14843,2669,2,2095,590,13690,8475,8656,13508,4852,3,899,42.5,1052,28.5394886,-99.2279876,28.5337136,-99.2120684
4228333754,21641,3321,2,1042,408,15414,9346,9439,15321,5882,2,1538,37,683,28.5872922,-98.8051305,28.5695293,-98.8054275
4228333788,18205,803,2,2080,510,13910,8851,8994,13725,4731,3,1028,44,959,28.5056443,-99.1338501,28.5121809,-99.1475792
4228333789,13644,418,4,2000,483,13821,8632,9056,13620,4564,3,546,43,1237,28.518131,-99.1262113,28.5222982,-99.1411501
4228333798,14304,7641,3,1990,483,13753,8616,8899,13567,4668,3,477,44,1237,28.5183188,-99.1260918,28.5261079,-99.138662
4228333832,15429,12056,2,1678,563,15748,8221,8600,15636,7036,2,717,41,551,28.5534632,-99.2090754,28.5645493,-99.2252003
4228333850,13560,8125,3,1406,497,15898,8034,8096,15720,7624,3,614,39.2,711,28.5950236,-99.2359483,28.5839674,-99.2148745
4228333853,14836,6492,2,1795,440,13911,8235,8450,13725,5275,3,603,45,569,28.4547182,-99.2624538,28.4459222,-99.2499829
4228333856,18365,13993,3,1150,467,16750,8231,8325,16626,8301,3,609,34.5,1236,28.5911833,-99.1668856,28.5851993,-99.1408879
4228333857,15003,11427,4,1050,467,14265,8195,8385,14103,5718,3,465,36.1,1236,28.591174,-99.1668411,28.5848438,-99.1491532
4228333867,11543,8415,10,1377,497,16166,8015,8400,15985,7585,3,738,39,711,28.5948644,-99.2360126,28.5821059,-99.2173543
4228333956,11105,2060,2,1270,378,13912,8420,8975,13788,4813,3,515,46.9,451,28.4176482,-99.2164913,28.4245914,-99.2308603
4228333977,14113,10253,3,880,458,14700,8161,8330,14515,6185,2,579,46,629,28.5753478,-99.1669199,28.5833447,-99.1837931
4228333979,17761,8670,2,2052,592,14825,8474,8577,14639,6062,2,721,41.1,1136,28.5276,-99.2351286,28.5185009,-99.2181936
4228334022,14637,14637,1,1294,570,13267,8414,8574,13162,4588,3,1041,39.8,552,28.5460932,-99.2210321,28.5398722,-99.2097613
4228334076,9497,9497,1,1350,535,15074,7629,8011,14892,6881,3,638,38.6,442,28.5907143,-99.2786456,28.6070526,-99.2878505
4228334200,17074,1120,2,975,382,14425,9650,9747,14335,4588,2,925,43,285,28.4360446,-99.0205307,28.4228103,-99.0164492
4228533585,11707,8256,2,1400,419,16525,12261,12237,16387,4150,3,290,42.6,26,29.439933,-97.2199993,29.4302166,-97.2109956
4228533633,13275,10654,2,4129,313,16790,11934,12097,16659,4562,2,240,47.5,55,29.5456444,-97.0998806,29.5564874,-97.1101494
4228533654,17761,17761,1,4176,313,18123,12218,12442,18003,5561,2,751,46.2,55,29.5462639,-97.0999028,29.5294481,-97.094273
4228533689,6102,3393,3,4921,385,19750,12632,12781,19616,6835,3,570,50,26,29.4293301,-97.2080614,29.4175664,-97.1871939
4228533690,7912,2886,3,5124,369,17714,12577,12604,17639,5035,3,692,50,26,29.4254065,-97.2087536,29.418743,-97.1925092
4228533701,18289,18174,2,3126,448,18486,11805,11826,18296,6470,3,1696,50,35,29.522203,-97.1862281,29.5104593,-97.1690021
4228533711,23318,23318,1,2405,414,17698,11856,12027,17600,5573,3,1260,45.2,376,29.5259226,-97.1764387,29.515394,-97.1578241
4228732611,8373,3309,2,1135,394,14200,7310,8042,13959,5917,2,467,37,281,30.3019218,-96.9297191,30.3144422,-96.9459598
4228732612,14613,14613,1,940,324,15665,7398,8363,15350,6987,3,465,38,10,30.3056767,-96.9000403,30.3206113,-96.9191409
4229734906,14426,4105,4,3646,300,17545,11168,11543,17333,5790,4,978,48.5,429,28.7220286,-98.137149,28.7372773,-98.1465456
4229734907,17477,1581,2,5085,336,17098,11905,12316,16743,4427,3,960,49,692,28.6845891,-98.1537903,28.672614,-98.1455844
4229734916,19787,2174,4,6132,264,17570,12193,12296,17092,4796,2,954.6,49,371,28.6348409,-98.1848877,28.6479752,-98.1923231
4229734925,17497,1601,5,4517,334,16665,11485,11983,16353,4370,2,530.3,48.5,219,28.6924613,-98.1539724,28.7094162,-98.1593484
4229734929,15657,5325,11,3596,299,17085,11552,11693,16875,5182,3,944.2,47.2,429,28.7215861,-98.1215129,28.7124551,-98.1071725
4229734933,18181,2983,4,3165,284,17120,11587,11796,16884,5088,4,842,47,429,28.7178525,-98.1378775,28.7058513,-98.1266409
4229734936,25466,3189,3,4150,368,16360,11595,12005,16156,4151,3,970,48.5,264,28.7039399,-98.1821101,28.6931136,-98.1720097
4229734954,24299,2467,4,5309,269,17930,11822,12456,17726,5270,2,1063,50,371,28.6423522,-98.1859184,28.6580711,-98.1924259
4229734955,20688,1602,3,5223,296,17227,11816,12488,17026,4538,2,1020,50,185,28.6472084,-98.1633404,28.6612675,-98.1692566
4229734960,16163,11058,2,4534,346,17823,11913,12119,17300,5181,3,38.4,49,311,28.6823574,-98.1755457,28.6672865,-98.1684587
4229734961,20817,7698,2,5801,298,17135,11783,12339,16929,4590,2,1202.4,50,185,28.6472083,-98.1705628,28.6602746,-98.1757034
4229734966,26714,11677,2,4159,326,17128,12141,12405,16907,4502,3,1162,50,736,28.6629013,-98.1851807,28.6468339,-98.1787274
4229734968,24788,1608,2,4944,302,16914,11556,12173,16475,4302,3,1061,47,723,28.6536631,-98.1939893,28.6688737,-98.2001706
4229734969,14652,10563,2,4084,326,18063,11801,12019,17929,5910,3,509,50.4,219,28.7033172,-98.1444512,28.6904663,-98.1351415
4229734976,26445,7948,2,5734,294,17823,12269,12325,17568,5243,3,49.2,49.2,371,28.641132,-98.2013909,28.6258592,-98.1971082
4229734982,25890,1658,11,5131,272,17023,11908,12207,16811,4604,3,1262.4,48.4,699,28.6530448,-98.2361855,28.6391984,-98.2285316
4229734984,21539,6090,2,3847,381,17663,11603,12125,17435,5310,3,1042,40,264,28.7038727,-98.1855632,28.6902397,-98.1738535
4229734992,20189,13764,2,3865,343,16500,11142,11725,16273,4548,3,1051,47,504,28.7310719,-98.1352221,28.7448635,-98.1415088
4229734994,28528,1085,3,4697,322,16634,11871,12069,16429,4360,3,1162,49.5,219,28.6923277,-98.1487738,28.6815344,-98.1400691
4229734997,17694,3060,2,2790,257,16993,11429,11837,16849,5012,2,731,51,211,28.6550081,-98.2253346,28.670625,-98.225196
4229735004,21501,6344,2,4531,293,16845,11899,12361,16643,4282,2,905,40,78,28.6704245,-98.1153461,28.682571,-98.1220924
4229735013,25281,7524,2,4380,296,17202,11828,12308,17005,4697,3,923,51,185,28.669152,-98.148618,28.6818837,-98.1563133
4229735014,24135,10543,2,3650,198,17542,10970,11530,17392,5862,3,958,49,10,28.6178202,-98.2958605,28.6317462,-98.3093198
4229735016,29112,9022,2,4587,319,17284,11713,11843,17099,5256,3,1183.2,49.8,392,28.7094789,-98.1419127,28.6984931,-98.1302829
4229735018,26035,1561,2,5186,342,17411,11450,11886,17208,5322,3,1171,48,107,28.6869288,-98.2036192,28.7021912,-98.2050875
4229735021,23587,1346,3,4660,263,16314,11761,12518,16108,3590,3,760.8,54,78,28.6678229,-98.1345753,28.6805804,-98.1380788
4229735023,25130,14434,2,4098,350,16460,11527,11679,16265,4586,3,1042,49.5,504,28.7344734,-98.1343014,28.7222103,-98.1254309
4229735025,8894,406,6,3908,254,18057,11570,11985,17824,5839,4,506,51,675,28.5839374,-98.2945101,28.5979795,-98.3067111
4229735026,20578,1134,4,3502,332,16378,11513,11840,16166,4326,3,880.8,49.2,155,28.7327332,-98.1254515,28.7232308,-98.1104186
4229735043,26306,7113,3,4069,315,18610,11584,11882,18399,6517,3,1042,50,429,28.7248031,-98.1353048,28.709821,-98.120315
4229735045,22438,1070,6,6000,333,17260,12061,12756,17071,4315,3,1241,51.2,740,28.6272343,-98.2069736,28.639559,-98.2127157
4229735046,17891,884,4,5544,307,16520,12042,12250,16312,4062,3,978,51.7,371,28.641921,-98.2034615,28.6520502,-98.209744
4229735047,7923,1023,11,2837,358,16070,11204,11531,15830,4299,3,800,47.2,298,28.7658783,-98.0987313,28.7769554,-98.108176
4229735048,20143,1329,4,3355,332,16070,11234,11700,15856,4156,3,979.2,48.4,155,28.7327335,-98.1254983,28.7471027,-98.1255562
4229735059,20386,1406,3,3501,355,16095,11107,11628,15820,4192,3,1008,43.2,155,28.7383333,-98.1327779,28.7520315,-98.13707
4229735069,14377,858,7,3201,355,15600,11493,11842,15397,3555,3,415,50,166,28.7401873,-98.1050972,28.7296034,-98.0989574
4229735072,14562,1614,6,3785,396,18339,11225,11819,18080,6261,3,1161.6,46.2,219,28.7087534,-98.1662866,28.7222553,-98.1820478
4229735073,25922,1371,3,4141,285,16906,11685,12257,16682,4425,3,975,51.9,392,28.6875791,-98.1228501,28.6967214,-98.1283971
4229735078,15761,695,6,3650,324,17587,11437,11712,17340,5628,3,499,48.4,155,28.7394269,-98.1219508,28.7290703,-98.1062901
4229735088,17321,783,3,4664,360,15753,11780,11918,15541,3623,3,559.2,48,293,28.6765959,-98.1946633,28.6650521,-98.1921404
4229735096,16197,1224,6,4058,320,17090,11813,11900,16794,4894,2,576,53.6,429,28.7101516,-98.1174954,28.6947623,-98.1149268
4229735116,10557,8469,2,3460,342,16515,11246,11501,16262,4761,3,417,44.3,225,28.7481239,-98.1305622,28.7624459,-98.1304793
4229735144,12621,449,5,3121,325,16880,11172,11532,16673,5141,3,451,46,225,28.759426,-98.1077839,28.7684952,-98.1226998
4229735148,9017,867,4,4620,284,17220,12008,12103,17013,5143,3,582,49.7,36,28.5941545,-98.2963993,28.5828021,-98.284154
4229735154,12240,1043,5,4467,311,17114,11847,12167,16905,4738,3,583,51.4,906,28.593222,-98.3099954,28.5822105,-98.3016678
4229735164,11165,1210,5,4736,257,16951,11763,12140,16739,4599,3,589,48.8,36,28.5908903,-98.2876141,28.6026162,-98.2980191
4229735178,16241,2028,2,3653,384,17208,11489,11970,17003,5033,3,507,47.2,400,28.7157736,-98.1785062,28.7022639,-98.1651191
4229735221,10752,2586,3,3670,360,17531,11391,11631,17318,5687,3,326,50,225,28.7541485,-98.1219509,28.7458732,-98.1079873
4229735222,9276,2247,3,3724,360,17437,11325,11542,17229,5687,3,268,51,225,28.7541263,-98.122046,28.7436426,-98.1080374
4229735232,12547,2174,3,3567,335,17101,11409,12255,16886,4631,3,449,50.2,232,28.7452022,-98.1210395,28.7365226,-98.1076934
4229735316,16587,6819,2,4290,255,17432,11394,11793,17264,5471,2,346,48.3,211,28.6547547,-98.2271071,28.6702336,-98.2268469
4231134780,14894,9119,4,2229,320,16175,10797,11068,16028,4960,4,396,44,332,28.5798565,-98.4597091,28.5645261,-98.4614242
4231135005,11459,8008,3,644,374,15215,9168,9614,15120,5506,4,434,36,950,28.6424612,-98.6629114,28.6464659,-98.6814699
4231135103,12224,12118,2,930,363,15895,10176,10298,15790,5492,2,950,40,673,28.597477,-98.5932019,28.5820969,-98.5855771
4231135204,15314,2708,3,3540,304,16151,10753,10888,15655,4767,3,606,43.1,332,28.5803502,-98.4669625,28.5653749,-98.4674236
4231135205,13986,3131,4,3640,304,16354,10756,10873,15705,4832,4,489,43.4,332,28.5801911,-98.4662351,28.5657149,-98.4649733
4231135234,7255,1313,2,2235,252,16111,11103,11226,16049,4823,2,368,45.9,60,28.4200227,-98.6064797,28.4061121,-98.6068689
4231135295,33244,3017,2,1508,308,16304,10551,10854,16275,5421,2,1590,43,552,28.4330135,-98.7201911,28.4492634,-98.7203571
4231135304,13415,3262,2,2428,308,19860,11543,11546,19701,8155,2,446,48,59,28.4047206,-98.6144519,28.4047507,-98.5866301
4231135346,18656,2483,3,1900,303,15763,10649,10793,15605,4812,3,604,42.3,325,28.5786189,-98.4792161,28.564025,-98.4786113
4231135594,10124,3702,2,3180,264,17618,10358,10995,17415,6420,3,556,44.3,621,28.3836406,-98.7882504,28.3974888,-98.8017106
4249332630,7159,3909,2,980,399,12975,8818,9010,12922,3912,2,331,27.5,18,29.0117688,-98.0671699,29.0018913,-98.057929
4249332631,8857,5566,2,1170,417,14662,8376,8496,14568,6072,2,456,27.5,17,29.0700586,-98.0162715,29.0530494,-98.0064847
4249332635,8726,2845,3,440,334,14905,7860,8924,14862,5938,2,481,30.4,18,29.034448,-98.0478392,29.0487049,-98.0623099
4249332640,11340,436,3,850,376,16232,8649,9664,16202,6538,2,409,33.2,18,28.9830977,-98.0756505,28.9915656,-98.0800925
4249332658,5815,5350,2,639,338,14289,8909,8840,14173,5333,3,358,41,202,29.0875667,-97.9148456,29.0736954,-97.9054806
4249332664,7791,481,2,910,355,16883,8925,8836,16805,7969,2,369,34.5,17,29.0588646,-97.9783402,29.0410329,-97.9608287
4249332665,12432,1954,2,585,357,15771,7836,8798,15743,6945,2,560,32.9,17,29.0589257,-97.9783791,29.0759381,-97.990838
4249332669,13049,478,3,500,320,17832,8340,9221,17750,8529,2,545,32.5,18,29.0134939,-98.0279912,29.0330526,-98.0469571
4249332701,17318,401,2,636,407,14286,8805,8567,13770,5203,2,912,36,436,29.0990326,-97.9015598,29.0847021,-97.8934794
4249332702,6431,543,3,320,377,15193,7540,8320,15129,6809,2,301,35,18,29.0340069,-98.0932899,29.0499539,-98.1082579
4249332711,19097,19097,1,917,419,15286,8605,8236,15195,6959,2,1279,36,220,29.12644,-97.876782,29.1084684,-97.865415
4249332721,13362,13362,1,782,329,14800,8874,8870,14494,5624,2,1015,37,17,29.0685255,-97.9552202,29.0531103,-97.9451692
4249332723,10446,10446,1,697,329,14968,8916,8900,14871,5971,2,899,35,17,29.068545,-97.9551786,29.0532958,-97.9433634
4249332725,14074,4481,3,900,332,13332,7543,8203,13305,5102,2,286,32.47,92,29.0859638,-97.956598,29.0963322,-97.9693907
4249332734,5460,1053,2,300,360,13955,7992,8622,13878,5256,2,224,28.8,18,29.0290682,-98.0609198,29.0426745,-98.0702157
